{
  "train_loss": [
    1.7694366117084728,
    1.29012507017921,
    1.156300051352557,
    1.0477448609997244,
    0.9832462330425487,
    0.916317910061163,
    0.8555296224706314,
    0.8074259727842668,
    0.7780837632978663,
    0.728142686661552,
    0.6978988858882119,
    0.6446069243725608,
    0.5364540680497885,
    0.4914055952079156,
    0.46581491249449114,
    0.44667173077954964,
    0.4250244615358465,
    0.4031100561688928,
    0.38387153868289553,
    0.37006392358857043,
    0.3593981412403724,
    0.34353688023546164,
    0.34046866486177724,
    0.277869663172785,
    0.25965836569885997,
    0.2446351358338314,
    0.2380668870447313,
    0.22801677946220425,
    0.22271397115553127,
    0.21338701024870663,
    0.2020875689080533,
    0.19609395161709364,
    0.19078685932847506,
    0.18940160553683252,
    0.1563969788251116,
    0.1467074160272365,
    0.13995184123214774,
    0.13507704072357976,
    0.1280707030973452,
    0.1272130749286974,
    0.12121172116083258,
    0.11710877879139255,
    0.11851632634396939,
    0.11568816108629107,
    0.10528107541229795,
    0.08997000673895374,
    0.08583374820868758,
    0.08502266685149687,
    0.08477120256873176,
    0.08444914795184398,
    0.0817010776501154,
    0.07460550239364452,
    0.07206485675921773,
    0.07368099673801815,
    0.07063161048380767,
    0.06779291032320436,
    0.06389619606190963,
    0.06385765223763883,
    0.06060816699912881,
    0.0589248867834206,
    0.05778023926322075,
    0.057066600978484046,
    0.056943272763370155,
    0.053077503667582814,
    0.05631686581380885,
    0.052401556903770304,
    0.052767973109970195,
    0.051202844175071836,
    0.04974628531510997,
    0.04765012247049633,
    0.04845103494932546,
    0.04840652879820589,
    0.04750185663894038,
    0.044268078378150305,
    0.044707611997575225,
    0.045004656122422174,
    0.04622116661671659,
    0.044276445995891506,
    0.0446014815837364,
    0.04215212926739803,
    0.042896586043472566,
    0.0422595502963454,
    0.0416110224394566
  ],
  "train_acc": [
    38.16222222222222,
    53.64222222222222,
    59.19555555555556,
    63.04888888888889,
    65.51555555555555,
    68.53555555555556,
    70.6511111111111,
    72.58666666666667,
    73.84,
    75.41111111111111,
    76.65777777777778,
    78.56444444444445,
    82.16888888888889,
    83.82,
    84.6288888888889,
    85.38444444444444,
    85.95111111111112,
    86.72222222222223,
    87.14888888888889,
    87.69333333333333,
    88.04444444444445,
    88.51555555555555,
    88.79777777777778,
    90.78222222222222,
    91.36888888888889,
    91.80444444444444,
    92.04444444444445,
    92.49555555555555,
    92.52,
    92.84,
    93.16,
    93.30222222222223,
    93.52444444444444,
    93.64666666666666,
    94.76666666666667,
    95.03555555555556,
    95.26,
    95.52,
    95.74,
    95.69777777777777,
    95.91777777777777,
    95.99333333333334,
    96.11333333333333,
    96.18,
    96.44,
    97.04,
    97.18888888888888,
    97.10222222222222,
    97.13111111111111,
    97.29333333333334,
    97.16666666666667,
    97.53777777777778,
    97.56666666666666,
    97.52222222222223,
    97.62222222222222,
    97.79333333333334,
    97.83111111111111,
    97.89777777777778,
    97.99555555555555,
    98.02888888888889,
    98.09777777777778,
    98.16,
    98.11555555555556,
    98.28222222222222,
    98.0911111111111,
    98.27111111111111,
    98.30888888888889,
    98.38666666666667,
    98.43555555555555,
    98.49555555555555,
    98.46888888888888,
    98.45111111111112,
    98.41333333333333,
    98.54,
    98.56444444444445,
    98.59777777777778,
    98.46222222222222,
    98.63555555555556,
    98.51333333333334,
    98.62666666666667,
    98.53333333333333,
    98.60666666666667,
    98.67111111111112
  ],
  "val_loss": [
    1.3029509933371293,
    1.0501066189063222,
    1.0063072204589845,
    0.9425803924861708,
    0.822692144544501,
    0.7640444833981364,
    0.7224801189021061,
    0.7077627100442585,
    0.6682738482952117,
    0.6486733088367864,
    0.654776290215944,
    0.6285739152055038,
    0.5378757931684193,
    0.4748031696206645,
    0.4884374491478268,
    0.46121268852760916,
    0.4366949232001054,
    0.453217645695335,
    0.4676071363060098,
    0.42482193567250903,
    0.42453484378362955,
    0.4157592469140103,
    0.43280924119447406,
    0.3680609081920825,
    0.3681485375291423,
    0.3789602899237683,
    0.37240267019522816,
    0.4069965752331834,
    0.3759845283470656,
    0.3813621960972485,
    0.3638386607170105,
    0.3881957874486321,
    0.4249071740790417,
    0.38306246180283393,
    0.3513007562411459,
    0.34847049956258974,
    0.3666212548550807,
    0.3684782737964078,
    0.35900245426516786,
    0.3634013662604909,
    0.3424776572145914,
    0.36451706882370144,
    0.376626571385484,
    0.35655662487996254,
    0.36665871649196274,
    0.3646776833032307,
    0.3520369481099279,
    0.3743460864612931,
    0.3463730294845606,
    0.36654259068401235,
    0.3495473035856297,
    0.3732393801212311,
    0.35383065719353524,
    0.3793816954681748,
    0.37706026995652603,
    0.38343771021617085,
    0.36654430745463623,
    0.3794101639013541,
    0.38200702510382,
    0.38277170234604885,
    0.3663546731205363,
    0.37241078207367345,
    0.3684827917500546,
    0.3813813746759766,
    0.3779188039271455,
    0.3682446452151788,
    0.3825584395151389,
    0.3727212613350467,
    0.38729554344164696,
    0.36914448118523546,
    0.39750685974171285,
    0.3754772841146118,
    0.3786676640573301,
    0.3872708233563524,
    0.3646551414147804,
    0.39170461493103126,
    0.37267970481985496,
    0.3808057790916217,
    0.37813481751241185,
    0.3652545285460196,
    0.3836438827608761,
    0.3795416221022606,
    0.3789103472703382
  ],
  "val_acc": [
    53.18,
    62.46,
    64.3,
    66.68,
    71.18,
    73.42,
    74.72,
    76.0,
    77.04,
    77.7,
    78.2,
    78.32,
    81.84,
    83.98,
    83.64,
    84.18,
    85.62,
    84.68,
    84.66,
    85.88,
    85.46,
    86.1,
    85.42,
    88.26,
    88.02,
    87.76,
    87.74,
    87.04,
    88.18,
    88.32,
    88.74,
    87.72,
    87.44,
    87.92,
    88.86,
    89.38,
    89.02,
    89.02,
    89.4,
    89.62,
    89.52,
    89.38,
    89.06,
    89.54,
    89.58,
    89.56,
    90.14,
    89.22,
    89.84,
    90.06,
    89.66,
    89.8,
    90.66,
    89.54,
    90.0,
    89.74,
    89.78,
    89.76,
    89.48,
    90.22,
    90.18,
    90.08,
    90.18,
    89.9,
    90.22,
    90.24,
    89.68,
    90.52,
    89.96,
    90.52,
    89.78,
    90.2,
    90.5,
    90.14,
    90.16,
    89.94,
    90.44,
    90.1,
    90.02,
    90.42,
    90.4,
    90.46,
    90.16
  ]
}