{
  "train_loss": [
    1.8975306039129323,
    1.3705689647601018,
    1.1816281726704307,
    1.0730600397829986,
    0.9991558734605561,
    0.9220269267535328,
    0.8682461103322494,
    0.8044125433288404,
    0.748429773199321,
    0.6943518480851283,
    0.6528200929548906,
    0.610812940518951,
    0.5719381323390043,
    0.5377290963162831,
    0.5133188913080526,
    0.49224374028135887,
    0.4668726937947285,
    0.44376845980313284,
    0.43637907133433057,
    0.42541232213971036,
    0.4031055105192151,
    0.40343897245750204,
    0.3930771583274229,
    0.38206176077993353,
    0.3736946018811186,
    0.3679902080854225,
    0.36461229976359294,
    0.3544312933302341,
    0.35264391857037203,
    0.3462028525195163,
    0.34448032240517695,
    0.33300936800330433,
    0.33318457417468084,
    0.32521731860527947,
    0.3284701093920131,
    0.32095976394429726,
    0.3193453871065853,
    0.31676399502995894,
    0.31402288472733986,
    0.31004697204433124,
    0.3072408430454372,
    0.3048166920667264,
    0.2995408550275499,
    0.30140228935549807,
    0.2933708435730703,
    0.2948591901610295,
    0.2955907813750615,
    0.2924601990099422,
    0.2864146527709134,
    0.2891999726874096,
    0.2858959666698875,
    0.2800300077150636,
    0.2818159990994936,
    0.2792822870365645,
    0.2794678669181926,
    0.2758755783703345,
    0.27535115837568963,
    0.27603741520228076,
    0.2756263672777299,
    0.27263643719552466,
    0.2664626114885902,
    0.27262526444293816,
    0.26502083628832257,
    0.26559606770433447,
    0.26716119397098004,
    0.2644711576439255,
    0.26749876319009125,
    0.265135949848229,
    0.261813502578037,
    0.2577297629612447,
    0.26084849660039244,
    0.26288379550406443,
    0.2580649451032948,
    0.2605174741781877,
    0.26319199518777836,
    0.25779889497109015,
    0.2544089810255526,
    0.25270775822338776,
    0.25361215186986463,
    0.2541288347562673,
    0.2479989195603933,
    0.25342915007909433,
    0.2502219810600008,
    0.2514156999659553,
    0.25469718168290395,
    0.25183916472788176,
    0.25078098840121904,
    0.24403044027716514,
    0.24926005403015447,
    0.2444355429442071,
    0.247217041148401,
    0.2476559490456584,
    0.24279321558699382,
    0.24574857165768224,
    0.24511018835601225,
    0.2432362957074497
  ],
  "train_acc": [
    34.224444444444444,
    49.806666666666665,
    57.617777777777775,
    61.77333333333333,
    64.8,
    67.95777777777778,
    70.17333333333333,
    72.73777777777778,
    74.95555555555555,
    76.77111111111111,
    78.55111111111111,
    80.17777777777778,
    81.11555555555556,
    82.25555555555556,
    83.13333333333334,
    83.64666666666666,
    84.34444444444445,
    85.1288888888889,
    85.5111111111111,
    85.93777777777778,
    86.3711111111111,
    86.68,
    86.89111111111112,
    87.29555555555555,
    87.47555555555556,
    87.62,
    87.66666666666667,
    88.11555555555556,
    88.0911111111111,
    88.32666666666667,
    88.45777777777778,
    88.89555555555556,
    88.67777777777778,
    89.08888888888889,
    88.80666666666667,
    89.14888888888889,
    89.13555555555556,
    89.26666666666667,
    89.32444444444444,
    89.44222222222223,
    89.5111111111111,
    89.76666666666667,
    89.81111111111112,
    89.82888888888888,
    90.05111111111111,
    89.92444444444445,
    89.98666666666666,
    90.22444444444444,
    90.22888888888889,
    90.22222222222223,
    90.39777777777778,
    90.2688888888889,
    90.46222222222222,
    90.49555555555555,
    90.54666666666667,
    90.61333333333333,
    90.7,
    90.61333333333333,
    90.5111111111111,
    90.61333333333333,
    90.8488888888889,
    90.82888888888888,
    90.90666666666667,
    90.89111111111112,
    91.00666666666666,
    90.95111111111112,
    91.05555555555556,
    91.06666666666666,
    91.16,
    91.26222222222222,
    91.32222222222222,
    91.09333333333333,
    91.23333333333333,
    91.18222222222222,
    91.13555555555556,
    91.26444444444445,
    91.44888888888889,
    91.48,
    91.40666666666667,
    91.43555555555555,
    91.55555555555556,
    91.28444444444445,
    91.52888888888889,
    91.57111111111111,
    91.42888888888889,
    91.36,
    91.49333333333334,
    91.65555555555555,
    91.47555555555556,
    91.67111111111112,
    91.46,
    91.54444444444445,
    91.75333333333333,
    91.66222222222223,
    91.58666666666667,
    91.69111111111111
  ],
  "val_loss": [
    1.3823534581396315,
    1.1341166456540426,
    1.0973630236254799,
    0.8639977938599057,
    0.9310340914461348,
    0.7839148504866494,
    0.8010282897286944,
    0.7332919882403479,
    0.7885822779602475,
    0.6562108053101434,
    0.615051792230871,
    0.5817439056105084,
    0.545556280348036,
    0.5241361412737104,
    0.5866988018155098,
    0.5011013746261597,
    0.4951604947447777,
    0.532664206624031,
    0.5100905479656326,
    0.47907412929667365,
    0.5076455061634382,
    0.4690653781096141,
    0.4429167461064127,
    0.470460753970676,
    0.4698174186878734,
    0.48367001149389477,
    0.4485324559940232,
    0.4397090174257755,
    0.43373680777019924,
    0.43620309465461304,
    0.435763215025266,
    0.42654132346312207,
    0.43746301473842725,
    0.4392805404133267,
    0.4280587938096788,
    0.449195073876116,
    0.46206457962592445,
    0.45896053562561673,
    0.45290876660082074,
    0.4263214172588454,
    0.4197575847307841,
    0.4422626019352012,
    0.4432479641503758,
    0.42516604943407904,
    0.43764909439616734,
    0.4284989941451285,
    0.4228150837951236,
    0.42918231205807794,
    0.44755963650014663,
    0.4246424381931623,
    0.41185875087976453,
    0.42635057328475845,
    0.45851141984264054,
    0.4560140609741211,
    0.44155348555909263,
    0.43258692481451566,
    0.4140409770939085,
    0.4315874592297607,
    0.4455796789791849,
    0.41314681569735207,
    0.4389680045346419,
    0.43226153403520584,
    0.4175900838441319,
    0.44386233811577164,
    0.43276864820056493,
    0.3955489858157105,
    0.4390657158361541,
    0.42516678464081553,
    0.4149796427124076,
    0.4254398667977916,
    0.42511599163214364,
    0.47443700606624284,
    0.4011231891810894,
    0.41028100781970556,
    0.4504578775829739,
    0.4325830717881521,
    0.41061738489402666,
    0.4374986481335428,
    0.4240413235293494,
    0.40250339979926747,
    0.40022576765881646,
    0.4566319387820032,
    0.4092519258459409,
    0.4276866838335991,
    0.43842207367221514,
    0.4331984495123227,
    0.4103205764459239,
    0.4079282947712474,
    0.4162626890672578,
    0.41015906309088074,
    0.4008829476104842,
    0.41991027014123067,
    0.4352063396738635,
    0.4185655987511078,
    0.4252472996711731,
    0.41407547195752464
  ],
  "val_acc": [
    49.06,
    58.44,
    60.84,
    69.08,
    67.72,
    72.18,
    72.38,
    75.94,
    74.84,
    78.88,
    79.14,
    81.14,
    81.66,
    82.5,
    79.94,
    82.3,
    83.0,
    82.34,
    82.98,
    84.0,
    83.02,
    84.18,
    85.2,
    84.44,
    84.32,
    83.88,
    85.36,
    84.66,
    85.02,
    85.44,
    85.58,
    86.26,
    85.28,
    85.98,
    86.1,
    85.24,
    85.24,
    85.46,
    85.66,
    85.58,
    86.72,
    86.28,
    85.52,
    86.48,
    85.44,
    86.3,
    85.5,
    85.64,
    84.68,
    86.3,
    86.62,
    86.72,
    85.68,
    85.38,
    85.8,
    86.02,
    87.0,
    86.08,
    85.92,
    86.44,
    86.34,
    86.44,
    86.86,
    86.22,
    86.22,
    87.9,
    85.76,
    86.1,
    86.56,
    86.76,
    86.4,
    85.26,
    87.08,
    86.84,
    86.14,
    86.68,
    86.8,
    86.98,
    86.32,
    86.56,
    87.62,
    86.5,
    87.18,
    86.5,
    86.06,
    86.78,
    87.2,
    87.02,
    86.26,
    87.08,
    87.22,
    86.82,
    87.06,
    87.02,
    86.22,
    86.76
  ]
}