{
  "random_search": {
    "test_accuracies": [
      90.69
    ],
    "best_configs": [
      {
        "learning_rate": 0.00039987928942942635,
        "batch_size": 53,
        "conv_channels_base": 116,
        "num_conv_blocks": 4,
        "fc_hidden": 370,
        "dropout": 0.3267538637998689,
        "weight_decay": 0.00012414572254600123
      }
    ]
  },
  "pso": {
    "test_accuracies": [
      90.36
    ],
    "best_configs": [
      {
        "learning_rate": 0.0012255607544886802,
        "batch_size": 32,
        "conv_channels_base": 69,
        "num_conv_blocks": 4,
        "fc_hidden": 344,
        "dropout": 0.320561623648715,
        "weight_decay": 8.841973566541947e-05
      }
    ]
  },
  "bo": {
    "test_accuracies": [
      88.56
    ],
    "best_configs": [
      {
        "learning_rate": 0.0032813398465851946,
        "batch_size": 77,
        "conv_channels_base": 39,
        "num_conv_blocks": 4,
        "fc_hidden": 303,
        "dropout": 0.10810595115924204,
        "weight_decay": 5.1879748275512816e-05
      }
    ]
  }
}