{
  "train_loss": [
    1.779802228422726,
    1.300296515647103,
    1.1686248988964978,
    1.0556903991979711,
    0.9896638230716481,
    0.934416754175635,
    0.8801101970321992,
    0.8251913375363631,
    0.7791077613479951,
    0.7313557957200443,
    0.7019887980994056,
    0.657569831048741,
    0.5450851692960543,
    0.5077943115725236,
    0.4785616152426776,
    0.454656471829204,
    0.43071237236261367,
    0.41280793197014753,
    0.39419691334752477,
    0.37858572095632553,
    0.37028284292887237,
    0.35199921012801283,
    0.34633725846514984,
    0.2792234303583117,
    0.26241723619839724,
    0.24957535047303228,
    0.2402540227946113,
    0.23298819579184055,
    0.22260861487073058,
    0.2166519944610841,
    0.2084268944607089,
    0.1983364252176355,
    0.1917773986755706,
    0.18354459052576738,
    0.1520978297545191,
    0.14525293125716202,
    0.13803184226264847,
    0.13302641209653196,
    0.12753198566024795,
    0.12733217841123834,
    0.12006210154360708,
    0.11855230532915277,
    0.11775785255519783,
    0.11536032543791568,
    0.10631563472945024,
    0.09346726002226419,
    0.08679518090451464,
    0.08441648435504998,
    0.08736844808465856,
    0.08317600701278186,
    0.07904019882094444,
    0.07541927895399139,
    0.07466375791549902,
    0.07368195103625219,
    0.07262317846631905,
    0.0699814417010502,
    0.06446916207041153,
    0.06404448366723954,
    0.0588205150558668,
    0.05794879016165128,
    0.05915366687565385,
    0.056540178741629726,
    0.05610706955345129,
    0.05367655592285754,
    0.05777829999021967,
    0.05217243811334757,
    0.05201469244490213,
    0.05036976319025545,
    0.04951041399090386,
    0.047271003059440236,
    0.04839596696074723,
    0.04769004113177824,
    0.0480341336082133,
    0.04512713927875773,
    0.04405798810575267,
    0.04709876109654194,
    0.046915440580341965
  ],
  "train_acc": [
    37.58444444444444,
    53.477777777777774,
    58.53333333333333,
    62.897777777777776,
    65.32888888888888,
    67.55777777777777,
    69.6,
    71.78,
    73.82888888888888,
    75.36888888888889,
    76.34,
    77.84,
    81.8488888888889,
    83.13111111111111,
    84.16,
    84.75555555555556,
    85.6288888888889,
    86.45111111111112,
    86.7911111111111,
    87.25555555555556,
    87.70666666666666,
    88.44888888888889,
    88.58222222222223,
    90.74666666666667,
    91.33555555555556,
    91.66444444444444,
    91.7911111111111,
    92.18222222222222,
    92.52666666666667,
    92.72444444444444,
    93.04,
    93.22888888888889,
    93.55111111111111,
    93.69111111111111,
    94.82444444444444,
    95.13777777777777,
    95.30666666666667,
    95.56444444444445,
    95.7088888888889,
    95.71777777777778,
    95.91777777777777,
    95.94,
    96.02,
    96.09333333333333,
    96.46222222222222,
    96.94444444444444,
    97.08666666666667,
    97.07111111111111,
    97.08222222222223,
    97.24666666666667,
    97.33111111111111,
    97.53333333333333,
    97.49333333333334,
    97.53333333333333,
    97.58222222222223,
    97.69333333333333,
    97.8488888888889,
    97.96222222222222,
    98.07777777777778,
    98.12444444444445,
    98.07333333333334,
    98.09333333333333,
    98.13333333333334,
    98.3,
    98.00666666666666,
    98.28444444444445,
    98.32888888888888,
    98.35111111111111,
    98.38222222222223,
    98.43333333333334,
    98.46888888888888,
    98.44666666666667,
    98.44,
    98.51333333333334,
    98.56222222222222,
    98.50222222222222,
    98.55111111111111
  ],
  "val_loss": [
    1.3278898107378105,
    1.1464657237655238,
    0.9758246490829869,
    0.9473488569259644,
    0.8911068772014819,
    0.8381016721850947,
    0.7383235645921606,
    0.8275181911493602,
    0.6698403829022458,
    0.6278142088337948,
    0.6365019933173531,
    0.621668785496762,
    0.49526140423197496,
    0.5055739007498089,
    0.4856448507622669,
    0.4508245116785953,
    0.43179784636748464,
    0.4620476421556975,
    0.4505039936617801,
    0.4446546549075528,
    0.4512001153669859,
    0.4518856798347674,
    0.4137761624235856,
    0.3865962390836917,
    0.36425254344940183,
    0.35739131726716694,
    0.36774416095332096,
    0.38007248687116724,
    0.388934831556521,
    0.39084467142820356,
    0.37963704325650866,
    0.38584254399726264,
    0.3768510755739714,
    0.3658614386069147,
    0.35034160123843894,
    0.3279612537277372,
    0.3561931220324416,
    0.34919065284101586,
    0.35741186730171504,
    0.3621735504583309,
    0.37190497713653664,
    0.3675124726797405,
    0.3564020075296101,
    0.33815657221957257,
    0.3630942131343641,
    0.3607212598386564,
    0.34053656803934196,
    0.3758080571105606,
    0.36303136372252515,
    0.3475048522415914,
    0.3539812480540652,
    0.3596654912358836,
    0.3483252231227724,
    0.36669703808270004,
    0.3610377645414127,
    0.3566858791207012,
    0.3647416732813183,
    0.37232452325130766,
    0.38089804892477236,
    0.36238055989930507,
    0.3542769637939177,
    0.36214418579873286,
    0.36861461663716716,
    0.3801506464418612,
    0.35956992405025584,
    0.3723430662170837,
    0.38482217710269123,
    0.3632784410036708,
    0.36626401347549337,
    0.36546961422029295,
    0.3935142563361871,
    0.378291113360932,
    0.36467589808529927,
    0.3865244072126715,
    0.36317565613671354,
    0.36862947305566385,
    0.38948360803095916
  ],
  "val_acc": [
    54.02,
    59.48,
    66.02,
    66.66,
    68.8,
    71.5,
    73.88,
    71.82,
    76.48,
    79.06,
    78.88,
    79.0,
    82.9,
    83.12,
    83.68,
    84.5,
    85.78,
    84.12,
    84.82,
    85.84,
    85.26,
    84.64,
    86.2,
    87.12,
    88.14,
    88.34,
    88.1,
    87.52,
    87.4,
    87.94,
    87.98,
    87.68,
    88.42,
    88.54,
    89.02,
    89.78,
    89.02,
    89.76,
    89.7,
    89.58,
    89.46,
    89.44,
    89.92,
    89.9,
    89.48,
    89.78,
    90.66,
    89.38,
    90.0,
    89.84,
    89.68,
    89.76,
    89.96,
    89.68,
    89.78,
    89.92,
    89.92,
    89.74,
    89.38,
    90.12,
    90.1,
    90.48,
    90.04,
    90.04,
    90.16,
    89.9,
    90.1,
    90.6,
    89.92,
    90.44,
    90.12,
    90.36,
    90.46,
    90.0,
    90.54,
    90.4,
    90.08
  ]
}