hyperparameter,random_search,pso,difference
learning_rate,0.00039987928942942635,0.0007329028567445335,0.00033302356731510716
batch_size,53.0,32.0,21.0
conv_channels_base,116.0,82.0,34.0
num_conv_blocks,4.0,4.0,0.0
fc_hidden,370.0,512.0,142.0
dropout,0.3267538637998689,0.3744199331025929,0.04766606930272399
weight_decay,0.00012414572254600123,4.497806297140506e-05,7.916765957459616e-05
