,total_evaluations,best_score,best_found_at_eval,efficiency_ratio,mean_score,std_score,convergence_auc
Random Search,15.0,89.42,9.0,0.6,80.71066666666665,5.3226603206375,80.71533333333333
PSO,30.0,88.76,25.0,0.8333333333333334,82.91133333333333,4.3371624620507605,83.69033333333337
