{
  "train_loss": [
    1.9514437639276394,
    1.4616795241520666,
    1.2928244727444274,
    1.1929244147857447,
    1.1233805634900538,
    1.0534096421059513,
    1.0004909272593354,
    0.9444492364116989,
    0.8896004261146665,
    0.8516872885651613,
    0.8086699533680971,
    0.776831417417651,
    0.7537203482620379,
    0.7239446950520521,
    0.7045416540188315,
    0.6761955945747685,
    0.6538720964137172,
    0.6380200622437512,
    0.6113140157067963,
    0.5963828813343148,
    0.5619157087740474,
    0.544607855028507,
    0.5299458386698318,
    0.5171024319545137,
    0.49367843232853875,
    0.4821373213336106,
    0.4624918402801633,
    0.45372575950560146,
    0.4395856935706438,
    0.42891157024505877,
    0.41305530925539774,
    0.40353553566633094,
    0.3887866691379023,
    0.3778048521249082,
    0.36813827966832363,
    0.36156070837019627,
    0.35039063948767346,
    0.33678506802357927,
    0.3247674430150012,
    0.32117911751981804,
    0.30734270678452796,
    0.305007091367432,
    0.29822781564989637,
    0.28809827386708786,
    0.2766603562220229,
    0.2691932388079104,
    0.26581489624387306,
    0.2613087322231363,
    0.25679407438448587,
    0.24950572386071945,
    0.2353491643492464,
    0.23450089522993378,
    0.23227110877633095,
    0.22406739585530697,
    0.2211976609538987,
    0.20998259852225867,
    0.21271740281418045,
    0.20411186100651768,
    0.20309872716587252,
    0.19911280496738343,
    0.1932524804084401,
    0.19115149139070697,
    0.18014378222534483,
    0.17720300245893564,
    0.17610655641134496,
    0.17684284937007264,
    0.1698231022726959,
    0.16857125063022083,
    0.16419629627809473,
    0.1600391036192082,
    0.1591754343399671,
    0.15791847869870862,
    0.15570085536669062,
    0.14996931681419232,
    0.15050460044197075,
    0.14538702596934677,
    0.14667902918074144,
    0.14374257397901324,
    0.1386854009000653,
    0.1384704991570474,
    0.13512709078071786,
    0.13715419598430864,
    0.13998283867124486,
    0.13016844071759914,
    0.13167163269370014,
    0.12997959049038238,
    0.1241954874871445
  ],
  "train_acc": [
    31.686666666666667,
    46.04,
    52.995555555555555,
    57.08222222222222,
    59.92666666666667,
    62.757777777777775,
    64.96666666666667,
    66.90666666666667,
    68.96,
    70.66,
    72.18666666666667,
    73.67111111111112,
    74.35777777777778,
    75.42666666666666,
    76.34444444444445,
    77.18666666666667,
    77.95333333333333,
    78.46888888888888,
    79.49111111111111,
    80.17777777777778,
    81.66888888888889,
    82.02444444444444,
    82.58888888888889,
    83.17111111111112,
    83.59333333333333,
    84.16444444444444,
    84.82888888888888,
    85.22444444444444,
    85.72888888888889,
    85.91777777777777,
    86.61111111111111,
    86.82888888888888,
    87.26222222222222,
    87.57333333333334,
    88.04,
    88.24666666666667,
    88.51333333333334,
    89.03111111111112,
    89.21555555555555,
    89.52,
    89.76222222222222,
    89.89111111111112,
    90.24,
    90.54444444444445,
    90.94888888888889,
    91.11777777777777,
    91.29777777777778,
    91.36,
    91.59555555555555,
    91.89333333333333,
    92.1511111111111,
    92.19555555555556,
    92.32888888888888,
    92.68888888888888,
    92.75333333333333,
    93.00222222222222,
    92.97111111111111,
    93.24,
    93.24444444444444,
    93.51777777777778,
    93.66444444444444,
    93.62,
    94.06222222222222,
    94.12666666666667,
    94.18666666666667,
    94.26444444444445,
    94.28222222222222,
    94.42888888888889,
    94.70444444444445,
    94.66666666666667,
    94.69555555555556,
    94.86666666666666,
    94.85777777777778,
    94.97777777777777,
    95.08888888888889,
    95.2,
    95.12,
    95.22444444444444,
    95.42666666666666,
    95.42222222222222,
    95.49555555555555,
    95.56,
    95.37333333333333,
    95.57333333333334,
    95.61111111111111,
    95.68666666666667,
    95.86
  ],
  "val_loss": [
    1.400726969852004,
    1.3322464061337849,
    1.0240074091179425,
    1.0101143842519715,
    0.8882838432178941,
    0.8367224335670471,
    0.7993332979290985,
    0.7234719880791598,
    0.7353552482848944,
    0.6708358914353126,
    0.6833214538041935,
    0.6553397289542264,
    0.6095897486043531,
    0.6535522632820662,
    0.6376373518344968,
    0.5767747198426446,
    0.5579988214858743,
    0.5979788275652154,
    0.569953569839167,
    0.5234063323154006,
    0.5600595931674159,
    0.5718053232791812,
    0.49629073018251463,
    0.5340957960417104,
    0.5353171749170437,
    0.46418729008630266,
    0.5232251660768376,
    0.5387984500374905,
    0.4794733676799508,
    0.49439306730447813,
    0.490244704623555,
    0.4535041319769482,
    0.4634020217629366,
    0.4755320472772731,
    0.48200109531713087,
    0.46154867216598155,
    0.4240090708399928,
    0.4177369454572367,
    0.4690656412479489,
    0.45493163445661233,
    0.4171872603338818,
    0.4354366015556247,
    0.48418869459351827,
    0.47491955757141113,
    0.4319684522789578,
    0.4758325336977493,
    0.44881707014039507,
    0.4165346598209337,
    0.4529803506163664,
    0.42701968169489574,
    0.4306947550801344,
    0.4535153899774995,
    0.39752724662769673,
    0.44846643992634705,
    0.43593946133935174,
    0.4211703802264014,
    0.40241985092329424,
    0.45081334266551704,
    0.4719540393629739,
    0.4402794456759164,
    0.43947244071683217,
    0.4061320805272391,
    0.4299697571022566,
    0.47899361197338547,
    0.4372828283975291,
    0.5011796784955401,
    0.43957847010257634,
    0.4433151123135589,
    0.48530833665714707,
    0.4578688862018807,
    0.4161149249520413,
    0.4309850262348042,
    0.4422633280587751,
    0.42080537316411043,
    0.4430911468211995,
    0.4399850136318872,
    0.44499900001426074,
    0.46638394753600276,
    0.5117295529953269,
    0.4625149001908857,
    0.45448240048663563,
    0.4157461323017298,
    0.4205057700706083,
    0.46354339739610984,
    0.42818349911723025,
    0.4848361878201019,
    0.4554410292658695
  ],
  "val_acc": [
    49.94,
    52.5,
    63.86,
    64.4,
    68.24,
    70.62,
    71.74,
    75.4,
    74.32,
    76.62,
    77.24,
    77.46,
    79.1,
    78.24,
    78.18,
    80.9,
    81.8,
    79.74,
    80.7,
    82.82,
    81.44,
    80.96,
    83.5,
    82.54,
    82.52,
    84.58,
    83.34,
    82.82,
    84.3,
    83.78,
    84.0,
    84.76,
    84.86,
    84.4,
    84.62,
    85.64,
    86.06,
    86.78,
    85.54,
    85.64,
    86.54,
    86.72,
    85.12,
    85.06,
    86.64,
    85.7,
    86.36,
    86.7,
    86.12,
    87.42,
    86.96,
    86.76,
    87.98,
    87.22,
    87.12,
    87.7,
    88.32,
    86.94,
    85.64,
    87.38,
    87.7,
    88.22,
    87.3,
    87.36,
    87.6,
    86.22,
    87.52,
    87.36,
    86.16,
    86.84,
    87.58,
    88.18,
    88.24,
    87.74,
    87.8,
    88.1,
    87.78,
    86.68,
    86.78,
    87.58,
    87.74,
    88.3,
    88.3,
    86.84,
    87.7,
    87.88,
    88.1
  ]
}