{
  "train_loss": [
    1.8429158319372951,
    1.4850977895610622,
    1.3437625119765768,
    1.2365341766048341,
    1.1360975369207387,
    1.0121059460722985,
    0.9050635609672522,
    0.8262821517688803,
    0.7515901677474623,
    0.6847939190601066,
    0.6244844446261894,
    0.5888549469427259,
    0.4799293040403171,
    0.4367681064013479,
    0.41005880581301074,
    0.3823313594325138,
    0.36234990173094267,
    0.345543577176252,
    0.33325614371385315,
    0.31885428136504534,
    0.3071973135280499,
    0.2939856559641834,
    0.2821181800399127,
    0.22607307700346294,
    0.20874994368224215,
    0.2018051553350776,
    0.19241008670721269,
    0.17983434603674642,
    0.17439103007446327,
    0.16509423312312754,
    0.16333326253068303,
    0.15864049907483813,
    0.15432283085871518,
    0.14642686974946456,
    0.12187009051217258,
    0.11327817390607332,
    0.1080383992130559,
    0.10151823892029083,
    0.09953718757943278,
    0.09528726553976305,
    0.09183257395784188,
    0.08844093022823027,
    0.0859328158756297,
    0.08568658776711686,
    0.08100492026093903,
    0.07379894895277528,
    0.06711153053101378,
    0.06295358220689685,
    0.06165730556881127,
    0.060416912074988824,
    0.061040334635559475,
    0.05796627878724758,
    0.055063739981243816,
    0.05412175157951362,
    0.05573029109291642,
    0.053516222767706616,
    0.04918508995060018,
    0.048458120280028834,
    0.04602652974302636,
    0.04504688312405457,
    0.045562112438509855,
    0.04170943315846428,
    0.04361665583022952,
    0.042058519118552525,
    0.040253021045841636,
    0.03956076411430094,
    0.03726300460296326,
    0.03618591061627105,
    0.03460090326293148,
    0.034394355103476625,
    0.03423080490447823,
    0.03322047046332157,
    0.034122455932257295,
    0.03388131134919786,
    0.03406956941749028,
    0.033090521836145,
    0.032796111227474736,
    0.03246666756387424,
    0.032550718818041835,
    0.03177018924016825,
    0.029870375495171672,
    0.03127439766075193,
    0.030835830108755728,
    0.030624433022101497,
    0.03118242245358127,
    0.031159335803128012,
    0.032022326327132866,
    0.02977851099337677,
    0.02877045010275114,
    0.030054664047850052,
    0.02900236070244381,
    0.028050623102152162,
    0.030207366300981368,
    0.029801809119486374
  ],
  "train_acc": [
    32.473333333333336,
    43.3,
    49.67333333333333,
    54.92888888888889,
    59.282222222222224,
    65.06222222222222,
    69.06888888888889,
    72.25111111111111,
    75.16444444444444,
    77.15555555555555,
    79.2911111111111,
    80.70444444444445,
    84.11555555555556,
    85.49333333333334,
    86.36,
    87.13777777777777,
    87.82,
    88.25111111111111,
    88.78,
    89.16222222222223,
    89.52666666666667,
    90.02,
    90.55111111111111,
    92.28666666666666,
    92.91111111111111,
    93.04666666666667,
    93.41555555555556,
    93.78222222222222,
    93.98666666666666,
    94.26222222222222,
    94.43555555555555,
    94.58666666666667,
    94.67555555555556,
    95.05555555555556,
    95.81777777777778,
    96.14222222222222,
    96.28888888888889,
    96.58,
    96.66444444444444,
    96.72,
    96.87333333333333,
    96.98222222222222,
    97.06888888888889,
    97.0911111111111,
    97.16888888888889,
    97.54222222222222,
    97.65333333333334,
    97.80888888888889,
    97.88666666666667,
    97.99111111111111,
    97.96,
    98.05555555555556,
    98.14888888888889,
    98.10444444444444,
    98.10888888888888,
    98.17333333333333,
    98.33111111111111,
    98.34444444444445,
    98.51555555555555,
    98.53555555555556,
    98.46,
    98.67555555555556,
    98.52222222222223,
    98.60222222222222,
    98.68222222222222,
    98.66222222222223,
    98.78444444444445,
    98.7688888888889,
    98.83333333333333,
    98.82666666666667,
    98.84,
    98.92444444444445,
    98.88,
    98.87333333333333,
    98.87333333333333,
    98.91333333333333,
    98.89333333333333,
    98.88222222222223,
    98.90444444444445,
    98.93555555555555,
    99.01333333333334,
    98.94444444444444,
    98.96222222222222,
    98.99111111111111,
    98.98444444444445,
    98.97111111111111,
    98.96,
    99.04444444444445,
    99.05333333333333,
    99.00888888888889,
    99.03111111111112,
    99.08888888888889,
    99.02222222222223,
    99.04444444444445
  ],
  "val_loss": [
    1.4869188320864537,
    1.2574027681806286,
    1.0267882058574895,
    1.0017651592849925,
    0.9212649479793136,
    0.7971750514902127,
    0.7746806307962746,
    0.7027890192475289,
    0.6603854141987053,
    0.6627821679327898,
    0.5884498403330517,
    0.5467786679791796,
    0.49010342492419445,
    0.45658862605026573,
    0.44666641580451066,
    0.44708436680067876,
    0.4252282764976192,
    0.41290528336717824,
    0.4758557134373173,
    0.4145203921350704,
    0.4178880716727418,
    0.4099156864129814,
    0.4330233222549888,
    0.4062161263861474,
    0.38166320907651996,
    0.3645524703630596,
    0.39029444394645035,
    0.3863120888282729,
    0.3939381775677584,
    0.4367471207526459,
    0.39194947110405964,
    0.3984710914705684,
    0.39289535527491265,
    0.3871137807442314,
    0.39367695252417,
    0.40553860097032063,
    0.39316855357948005,
    0.4157532348511088,
    0.40140822870289067,
    0.41020365744631937,
    0.4290538620512197,
    0.43500300012766174,
    0.4122665734534526,
    0.3974984335968164,
    0.4108923705336252,
    0.40974316301393754,
    0.41372224991061507,
    0.4412063259844947,
    0.42363152228841544,
    0.39973782472739555,
    0.43115183204459917,
    0.43255384116816176,
    0.4095699827006579,
    0.41966732196468315,
    0.43701933680682825,
    0.41945179475317146,
    0.40913780212734535,
    0.415048883263738,
    0.42306484454674764,
    0.44531900564410315,
    0.4493666664715026,
    0.4241095263255867,
    0.43640511017885936,
    0.4204678948683913,
    0.4736395196842362,
    0.4395917207254749,
    0.45395342256298443,
    0.45404476462121884,
    0.4736724004979823,
    0.4799487465031587,
    0.4455566629055579,
    0.4572976710627769,
    0.4318919771582268,
    0.44968291686604595,
    0.46813022923080405,
    0.45210858282579736,
    0.48207889482153543,
    0.44767636287316775,
    0.44499419322889894,
    0.47893404037021337,
    0.4403372674032595,
    0.41439770139564,
    0.4442344603101296,
    0.44625468893795256,
    0.4466148772184992,
    0.44191346622434013,
    0.4559023850923701,
    0.4611913952079252,
    0.4488499669986925,
    0.45152476804841096,
    0.45396549739670244,
    0.4572663896985554,
    0.4762958683085385,
    0.4445712934841348
  ],
  "val_acc": [
    41.58,
    54.96,
    64.38,
    63.48,
    66.66,
    72.44,
    73.56,
    75.62,
    77.66,
    78.08,
    79.92,
    81.5,
    83.38,
    84.46,
    84.92,
    84.84,
    85.46,
    85.9,
    84.4,
    86.1,
    86.4,
    86.46,
    85.76,
    86.98,
    88.06,
    88.42,
    87.64,
    87.92,
    88.02,
    87.4,
    88.1,
    88.56,
    88.48,
    88.84,
    89.04,
    89.22,
    88.56,
    88.82,
    89.3,
    89.08,
    88.72,
    88.48,
    88.84,
    88.94,
    89.16,
    89.06,
    89.48,
    89.1,
    89.32,
    89.78,
    88.78,
    89.38,
    89.78,
    89.72,
    89.16,
    89.52,
    89.58,
    89.28,
    89.98,
    89.52,
    89.32,
    90.02,
    89.3,
    90.5,
    89.04,
    89.76,
    89.32,
    89.14,
    89.26,
    88.8,
    89.78,
    89.14,
    89.82,
    89.52,
    89.2,
    89.26,
    88.9,
    89.64,
    89.46,
    89.28,
    89.54,
    90.3,
    89.54,
    89.84,
    89.42,
    89.78,
    89.44,
    89.54,
    89.58,
    89.42,
    89.72,
    89.4,
    89.08,
    89.4
  ]
}