{
  "train_loss": [
    1.9801443472938836,
    1.647786085708987,
    1.5423128753159177,
    1.4394003530301012,
    1.2487019627502647,
    1.049556393486096,
    0.8792482722542687,
    0.7615991919787962,
    0.6886239385426934,
    0.6361106363440882,
    0.5988409999167572,
    0.573092206777752,
    0.4721143617749468,
    0.43252601698517545,
    0.4174152525312611,
    0.3979189194045172,
    0.38550711097493606,
    0.36898971746153414,
    0.363841439435138,
    0.3493068959476597,
    0.3388644662270668,
    0.3332734459848292,
    0.3286058456499948,
    0.272540957972079,
    0.24852771322191947,
    0.23682206188935545,
    0.2269341347668937,
    0.22153932615113792,
    0.21449925647168167,
    0.21139990193166988,
    0.20550188700209804,
    0.20115798306151664,
    0.19289623433492373,
    0.19040526383422055,
    0.16115732702500085,
    0.15264720561488532,
    0.14152246850606268,
    0.13948225708613496,
    0.13581502775402837,
    0.13183653545095939,
    0.12528324041594358,
    0.12633522552359974,
    0.12421330318679634,
    0.11959863066068945,
    0.11647375456177296,
    0.10386468760679822,
    0.09546894060906855,
    0.09249261466234554,
    0.09149334618428559,
    0.08989688187982231,
    0.08761918150769202,
    0.08663903405044802,
    0.0826122374560531,
    0.08167309584961535,
    0.07844614202895367,
    0.07993224735293827,
    0.07086028666928869,
    0.06962192465975489,
    0.06771075086586717,
    0.06800198689015091,
    0.0687151784422313,
    0.06363480980450112,
    0.06457510334596782,
    0.061279135060805415,
    0.06097817185927942,
    0.059209508139631155,
    0.06101600084642138,
    0.055524172927952926,
    0.05455643797596796,
    0.054773508219732474,
    0.0542742932428306,
    0.05280814727466052,
    0.054048468551868054,
    0.052697406444127994,
    0.05313398496737401,
    0.050035548189599675,
    0.05005988026068095,
    0.0517473714676035,
    0.04938808082226947,
    0.04792027460883968,
    0.04940191841968163,
    0.047550558962343906,
    0.04722177730084197,
    0.04615519754944387,
    0.04645535196584329,
    0.0461492664339557,
    0.04307092193771182,
    0.046275678149455275,
    0.04697533959140832,
    0.04393838097562854,
    0.04423386639860881,
    0.045222029371574976,
    0.04514715620055106,
    0.046039982853302526,
    0.04546335042620941,
    0.04455781431005734,
    0.04610925191605392,
    0.045866697134015526
  ],
  "train_acc": [
    26.90222222222222,
    35.48888888888889,
    40.09111111111111,
    45.67111111111111,
    54.32,
    63.58222222222222,
    70.38,
    74.73333333333333,
    77.14,
    78.78666666666666,
    79.95111111111112,
    80.89111111111112,
    84.21555555555555,
    85.48666666666666,
    85.99555555555555,
    86.64666666666666,
    86.98222222222222,
    87.36444444444444,
    87.78444444444445,
    88.12,
    88.52888888888889,
    88.83777777777777,
    88.92222222222222,
    90.73555555555555,
    91.45777777777778,
    91.95555555555555,
    92.19777777777777,
    92.35555555555555,
    92.6288888888889,
    92.78,
    92.95333333333333,
    92.90666666666667,
    93.35777777777778,
    93.48444444444445,
    94.49333333333334,
    94.76444444444445,
    95.12666666666667,
    95.26444444444445,
    95.24444444444444,
    95.47333333333333,
    95.61555555555556,
    95.64444444444445,
    95.73555555555555,
    95.88,
    95.91555555555556,
    96.35111111111111,
    96.72222222222223,
    96.82222222222222,
    96.88666666666667,
    97.03111111111112,
    96.99111111111111,
    96.95777777777778,
    97.18888888888888,
    97.22,
    97.38,
    97.36,
    97.57111111111111,
    97.61555555555556,
    97.66444444444444,
    97.64444444444445,
    97.67111111111112,
    97.78888888888889,
    97.80444444444444,
    97.90222222222222,
    97.91555555555556,
    97.94444444444444,
    97.91333333333333,
    98.08444444444444,
    98.13777777777777,
    98.09333333333333,
    98.08444444444444,
    98.26444444444445,
    98.16444444444444,
    98.2688888888889,
    98.22444444444444,
    98.30888888888889,
    98.36666666666666,
    98.2688888888889,
    98.24,
    98.36666666666666,
    98.31111111111112,
    98.42888888888889,
    98.42222222222222,
    98.46444444444444,
    98.42222222222222,
    98.45555555555555,
    98.52888888888889,
    98.44444444444444,
    98.4088888888889,
    98.55111111111111,
    98.50444444444445,
    98.43555555555555,
    98.5111111111111,
    98.47777777777777,
    98.41777777777777,
    98.4888888888889,
    98.48666666666666,
    98.44
  ],
  "val_loss": [
    1.6339443701847343,
    1.39020353897362,
    1.2773302846653447,
    1.1587323200930455,
    0.9814922122439002,
    0.8780760846699879,
    0.7524295041135921,
    0.7282148419292109,
    0.6787735358544975,
    0.5999860867003727,
    0.6027861996820778,
    0.5801266532415038,
    0.45961886350136655,
    0.47074784291018346,
    0.45314286421438693,
    0.4470207656075241,
    0.4370073807087673,
    0.4476332163355153,
    0.44171707920587744,
    0.44348194943681646,
    0.42228978739422596,
    0.4279209718962384,
    0.4497359188593877,
    0.40473743504399706,
    0.40311520209737645,
    0.3887126822095768,
    0.39981982771568236,
    0.3905386635737055,
    0.3897221734759155,
    0.37525542726989386,
    0.4008537977518644,
    0.3987572257685813,
    0.41631072773865074,
    0.3798011787336581,
    0.37126229690375984,
    0.3820059368754648,
    0.4003973745141819,
    0.40093093274078173,
    0.3915265998714099,
    0.3870633532097385,
    0.3907917087340051,
    0.38109836457178564,
    0.4090522573667632,
    0.39482735972376953,
    0.42145023352591093,
    0.3783831700006393,
    0.4307515921581323,
    0.40119292513485166,
    0.4109597185116475,
    0.4055368493364495,
    0.40654244293476555,
    0.4066012891092498,
    0.4345302316943179,
    0.4163873814770086,
    0.4173081129979176,
    0.393114774232837,
    0.40596776217174757,
    0.43791581660503176,
    0.40094378783966705,
    0.41657657506074874,
    0.4133473536486079,
    0.41748861707064805,
    0.41550856894534677,
    0.42177738061851,
    0.3975229379276087,
    0.4120682746551599,
    0.4350446888726133,
    0.4098520369690125,
    0.4090270040924572,
    0.41170966556995725,
    0.43490487797434924,
    0.4267011356130717,
    0.4187086469784474,
    0.4217567435794979,
    0.4348782205384723,
    0.4329436783779674,
    0.42881048284174433,
    0.4144795188023323,
    0.43413790999348184,
    0.42872085326772397,
    0.4123695788632153,
    0.426990866518704,
    0.42649621801201704,
    0.42211761930215935,
    0.4315423320498389,
    0.4416912134119849,
    0.4409602532981877,
    0.4485253865102448,
    0.4247976972819395,
    0.4229174077297282,
    0.4246140954019442,
    0.42019584175691627,
    0.4439924333814033,
    0.43070861543539857,
    0.4297560290581766,
    0.4401224047141328,
    0.4307120029523874,
    0.4240076863889102
  ],